timestamp,user_id,lat,lng,type,drive_time,program,start_location,waypoint,end_location,gross_fare,memo
2019-11-21 15:06:12,admin,37.316503498413276,126.83419048609443,shuttle,,,"경기 안산시 단원구 고잔동 728-1",,,0,""수원-안산, 안산-구월""
2019-11-24 12:16:37,admin,37.20509769652198,127.0111623884119,shuttle,,,"경기 화성시 안녕동 71-595",,,0,"봉담-병점 셔틀"
2019-12-12 18:33:51,admin,37.555469256033355,126.84808051510046,shuttle,,,"서울 강서구 화곡동 1105-2 (화곡로 319)",,,0,""
2019-12-12 18:40:42,admin,37.20677930767306,127.03571129492019,shuttle,,,"경기 화성시 병점동 412-3",,,0,""
2019-12-13 02:21:36,admin,37.06941913027187,127.0611111209501,shuttle,,,"경기 평택시 서정동 911-2",,,0,"오산 수원"
2019-12-14 14:58:36,admin,37.16890052450714,127.11283730572123,shuttle,,,"경기 화성시 산척동 산 90",,,0,"오산셔틀"
2019-12-14 15:27:28,admin,36.83617377946718,127.14230377054767,shuttle,,,"충남 천안시 서북구 두정동 152-3",,,0,"평택셔틀"
2019-12-14 15:27:58,admin,36.835256095823645,127.14986224622416,shuttle,,,"충남 천안시 서북구 두정동 25-75 (천안대로 1018)",,,0,"평택셔틀"
2019-12-14 15:28:56,admin,36.83353571632153,127.13590016872652,shuttle,,,"충남 천안시 서북구 두정동 1801",,,0,"평택셔틀 출발지"
2020-01-13 19:40:59,admin,37.380864406820194,126.64348183739774,shuttle,,,"인천 연수구 송도동 48",,,0,""
2020-01-20 20:49:35,admin,37.370634875740116,126.73216975604984,shuttle,,,"경기 시흥시 정왕동 1878-1",,,0,""
2020-01-20 21:11:23,admin,37.34126083222704,126.74828471376655,shuttle,,,"경기 시흥시 정왕동 1630",,,0,""
2020-01-20 21:11:57,admin,37.36080689610893,126.71675360257785,shuttle,,,"경기 시흥시 정왕동 2139",,,0,""
2020-01-20 21:13:46,admin,37.33350703736361,126.78229737447711,shuttle,,,"경기 안산시 단원구 신길동 1689",,,0,""
2020-01-29 02:02:50,admin,37.422575201160726,126.72845659070308,shuttle,,,"인천 남동구 도림동 639-2",,,0,""
2020-02-11 02:30:59,admin,37.00202703204362,127.10947743841379,shuttle,,,"경기 평택시 비전동 1121",,,0,"수원셔틀"
2020-02-15 15:42:30,admin,37.65527172509764,127.29879415889694,shuttle,,,"경기 남양주시 화도읍 창현리 503-2",,,0,"서울 방향 택틀"
2020-05-30 03:31:24,admin,37.40315337107378,126.9184374888051,shuttle,,,"대동문고 (경기 안양시 만안구 안양로 316 본프라자빌딩 지하 1층 (안양1동))",,,0,"안양셔틀"
2020-06-30 13:51:54,admin,37.273106431390474,127.21654712079216,shuttle,,,"다이소 용인둔전점 (경기 용인시 처인구 포곡읍 포곡로 125 (포곡읍))",,,0,"용인 둔전리 ~ 신갈"
2020-06-30 14:01:37,admin,37.19669785010198,127.20478452018612,shuttle,,,"경기 용인시 처인구 이동읍 천리 235-1 (백옥대로 641)",,,0,""
2020-06-30 14:02:33,admin,37.23738120567892,127.28176224181945,shuttle,,,"경기 용인시 처인구 양지면 양지리 873",,,0,""
2020-07-07 15:47:32,admin,37.26265578,127.02839944,shuttle,,,"경기 수원시 팔달구 인계동 1112",,,0,""
2020-07-11 01:30:09,admin,37.3231862891496,126.91357635615731,shuttle,,,"경기 군포시 대야미동 501-25",,,0,""
2020-07-11 01:46:54,admin,37.383247267850656,126.95959971963592,shuttle,,,"경기 안양시 동안구 호계동 1203",,,0,""
2020-07-11 01:57:29,admin,37.40212225326608,126.97521199788194,shuttle,,,"경기 안양시 동안구 관양동 1581 (흥안대로 496-2 외 1건)",,,0,""
2020-07-30 03:27:14,admin,37.544300052799805,126.83678290253246,shuttle,,,"서울 강서구 화곡동 1065-9 (화곡로 157)",,,0,"상동방향"
2020-07-30 03:42:09,admin,37.53873765150686,126.82557073685028,shuttle,,,"서울 양천구 신월동 49-10 (가로공원로 105)",,,0,""
2020-08-08 03:04:00,admin,37.15162563447143,127.0717240620251,shuttle,,,"경기 오산시 오산동 940",,,0,""
2020-08-23 04:56:30,admin,37.65212902587411,127.11151085718669,shuttle,,,"경기 남양주시 별내동 1071",,,0,""
2020-08-23 04:58:59,admin,37.64940482944665,127.1219588914174,shuttle,,,"경기 남양주시 별내동 1009",,,0,""
2020-08-23 05:00:34,admin,37.66807206049978,127.11581936946223,shuttle,,,"경기 남양주시 별내동 851",,,0,""
2020-08-23 05:02:27,admin,37.70954672954741,127.11816637881488,shuttle,,,"경기 남양주시 별내면 청학리 412-3",,,0,""
2020-08-23 05:05:05,admin,37.71889538737587,127.17773624356457,shuttle,,,"경기 남양주시 진접읍 장현리 677-4 (봉현로 19)",,,0,""
2020-08-23 05:05:55,admin,37.71530286253725,127.184387324551,shuttle,,,"경기 남양주시 진접읍 금곡리 1127-4",,,0,""
2020-08-23 05:08:25,admin,37.65906511983719,127.17690338204729,shuttle,,,"경기 남양주시 진건읍 용정리 781-19",,,0,""
2020-08-23 05:10:48,admin,37.64943837050482,127.13719752622116,shuttle,,,"경기 남양주시 퇴계원읍 퇴계원리 325-28",,,0,""
2020-08-23 05:12:40,admin,37.60820653448671,127.15412242985153,shuttle,,,"경기 남양주시 다산동 4117-16",,,0,""
2020-08-23 05:14:58,admin,37.58825089110486,127.21018917747966,shuttle,,,"경기 남양주시 와부읍 덕소리 111-2 (덕소로97번길 12)",,,0,""
2020-08-23 05:17:13,admin,37.63594983231139,127.20346323448253,shuttle,,,"경기 남양주시 금곡동 428-8 (경춘로 956)",,,0,""
2020-08-23 05:18:15,admin,37.658135491300015,127.24142555206919,shuttle,,,"경기 남양주시 호평동 700",,,0,""
2020-08-23 05:18:48,admin,37.651121004847376,127.23316681942003,shuttle,,,"경기 남양주시 평내동 268-5",,,0,""
2020-08-23 05:22:00,admin,37.60375278113264,127.13919646423318,shuttle,,,"경기 구리시 수택동 360 (경춘로 204-1)",,,0,""
2020-08-23 05:24:11,admin,37.633918673633644,127.11503159020353,shuttle,,,"경기 구리시 갈매동 585",,,0,""
2020-10-26 12:43:16,admin,37.21448993,126.9780309,shuttle,,,"던킨도너츠 수원대점 (경기 화성시 효행구 봉담읍 와우로 111 1층 (봉담읍 와우리))",,,0,""
2020-10-26 12:44:21,admin,37.22168670568165,126.95279208284745,shuttle,,,"경기 화성시 봉담읍 동화리 564 (동화길 51)",,,0,""
2020-11-04 02:39:54,admin,37.43322197144982,127.12762786060264,shuttle,,,"경기 성남시 중원구 성남동 4122 (성남대로 1128)",,,0,""
2021-01-14 01:45:00,admin,37.453739649051684,126.88729425660337,shuttle,,,"경기 광명시 소하동 38-1",,,0,""
2021-01-14 01:53:03,admin,37.47721843475944,126.86510079412182,shuttle,,,"경기 광명시 철산동 529 (오리로 852)",,,0,""
2021-01-14 01:54:51,admin,37.48239991180218,126.85202611935782,shuttle,,,"경기 광명시 광명동 158-86 (광명로 907)",,,0,""
2021-04-28 00:15:09,admin,37.20385915681889,127.06914301336839,shuttle,,,"다이소 동탄점 (경기 화성시 동탄반석로 134 (반송동))",,,0,""
2021-06-19 03:36:45,admin,37.66659151092843,126.76724384463293,shuttle,,,"경기 고양시 일산동구 장항동 726-1 (중앙로 1333)",,,0,""
2021-10-14 00:22:37,admin,37.26714840467533,127.02406557266302,shuttle,,,"코리아관광나이트 (경기 수원시 팔달구 경수대로 430 (인계동))",,,0,""
2021-11-27 02:11:31,admin,37.60288135868272,126.7689225348447,shuttle,,,"경기 김포시 고촌읍 신곡리 573-8 (김포대로 329)",,,0,""
2021-12-11 03:28:01,admin,37.5540546078727,126.91035417054843,shuttle,,,"서울 마포구 합정동 402",,,0,"무료셔틀"
2022-04-26 01:39:59,admin,37.00963785,127.09691871,shuttle,,,"경기 평택시 동삭동 746",,,0,""
2022-05-15 03:02:28,admin,37.20663396,127.07267189,shuttle,,,"경기 화성시 반송동 88-1 (동탄반석로 204)",,,0,""
2022-06-10 02:09:33,admin,37.27382596,127.10411711,shuttle,,,"신갈버스정류장 서울방향 (경기 용인시 기흥구 신갈동 413-7)",,,0,""
2022-07-15 02:01:33,admin,37.27405965,126.95388195,shuttle,,,"경기 수원시 권선구 금곡동 1161",,,0,""
2022-07-15 02:06:35,admin,37.27314212,126.94161066,shuttle,,,"경기 수원시 권선구 금곡동 1157",,,0,""
2022-07-15 02:16:39,admin,37.27044345,126.95888312,shuttle,,,"경기 수원시 권선구 금호로 69 (금곡동 240-1)",,,0,""
2023-01-06 17:43:26,admin,37.00994485,127.2633761,shuttle,,,"경기 안성시 석정동 56 (중앙로 327)",,,0,""
2023-01-07 02:38:32,admin,37.13131703,126.92188093,shuttle,,,"경기 화성시 향남읍 행정리 526-2",,,0,""
2023-01-07 02:39:16,admin,37.25042756,126.98003939,shuttle,,,"경기 수원시 권선구 고색동 386-17",,,0,""
2023-01-07 02:42:05,admin,36.99054398,127.08815013,shuttle,,,"경기 평택시 평택동 296 (평택로32번길 2)",,,0,""
2023-01-08 02:06:37,admin,37.64513667,126.62854549,shuttle,,,"경기 김포시 구래동 6880-10",,,0,""
2023-01-13 02:51:22,admin,37.07903073,127.0633593,shuttle,,,"경기 평택시 지산동 1196",,,0,""
2023-01-13 03:03:17,admin,37.14645947,127.07368596,shuttle,,,"경기 오산시 원동 792",,,0,""
2023-01-15 02:26:55,admin,37.53190776,126.653188,shuttle,,,"인천 서구 청라동 160-5",,,0,""
2023-01-15 02:27:08,admin,37.531698,126.65294007,shuttle,,,"인천 서구 청라동 162-26",,,0,""
2023-01-20 02:32:15,admin,37.20142931,126.82806549,shuttle,,,"경기 화성시 남양읍 남양리 2076-10 (역골로 15-3)",,,0,""
2023-02-03 00:27:29,admin,36.49101021,127.25674816,shuttle,,,"세종 나성동 761",,,0,""
2023-02-05 12:11:34,admin,37.50694523344983,127.02221951686099,shuttle,,,"서울 서초구 서초동 1373",,,0,""
2023-02-05 12:17:26,admin,37.29379523537975,127.63277728940284,shuttle,,,"경기 여주시 홍문동 231-10 (세종로 78)",,,0,""
2023-02-05 12:19:49,admin,37.4144817216791,127.1269315109105,shuttle,,,"경기도 성남시 분당구 성남대로 920 (야탑동 364-2)",,,0,""
2023-02-05 12:21:32,admin,37.36936511076142,127.10624502554252,shuttle,,,"경기 성남시 분당구 정자동 99-5",,,0,""
2023-02-05 12:22:43,admin,37.274479097822855,127.1031016280269,shuttle,,,"경기 용인시 기흥구 신갈동 59-4 (중부대로 343-1)",,,0,""
2023-02-05 12:26:35,admin,37.39767481763186,126.64748623751753,shuttle,,,"인천 연수구 송도동 3-48",,,0,""
2023-02-05 12:27:37,admin,37.39868024803267,126.6498893368469,shuttle,,,"인천 연수구 송도동 2-6 (신송로 122)",,,0,""
2023-02-05 12:28:27,admin,37.420477406497106,126.6486586039338,shuttle,,,"인천 연수구 옥련동 588",,,0,""
2023-02-05 12:29:19,admin,37.44334329196903,126.66048524044845,shuttle,,,"인천 미추홀구 학익동 716",,,0,""
2023-02-05 12:34:06,admin,37.54063288505721,126.73393310086792,shuttle,,,"인천 계양구 계산동 1100",,,0,""
2023-02-05 12:39:15,admin,37.27069400480373,126.99804975907116,shuttle,,,"경기 수원시 팔달구 매산로1가 8",,,0,""
2023-02-05 13:07:48,admin,36.78845743069857,127.58015875518271,shuttle,,,"충북 증평군 증평읍 교동리 242",,,0,""
2023-04-07 02:32:48,admin,37.22037156,126.94969381,shuttle,,,"경기 화성시 봉담읍 상리 27-7",,,0,""
2023-04-07 02:41:55,admin,37.24264468,126.96316593,shuttle,,,"경기 수원시 권선구 오목천동 460-13",,,0,""
2023-04-07 02:43:06,admin,37.24511121,126.96370814,shuttle,,,"주소를 제공하지 않는 지역",,,0,""
2023-04-07 02:53:00,admin,37.27233454,127.01606903,shuttle,,,"경기 수원시 팔달구 교동 126-8",,,0,""
2023-04-07 02:53:27,admin,37.26690173,127.00233439,shuttle,,,"경기 수원시 팔달구 매산로 6-2 (매산로1가 58-7)",,,0,""
2023-04-07 03:36:33,admin,37.30178474,126.86713773,shuttle,,,"경기 안산시 상록구 용신로 403 (본오동 1113)",,,0,""
2023-09-01 03:00:30,admin,37.27814213,127.44720228,shuttle,,,"경기 이천시 창전동 175",,,0,""
2023-10-26 00:16:47,admin,37.44180316,126.70291574,shuttle,,,"인천 남동구 남동대로 671 (구월동 1446 외 2건)",,,0,""
2023-11-25 05:16:21,admin,37.32328825,127.09571108,shuttle,,,"KT 에프에이치디 수지구청역점 (경기 용인시 수지구 풍덕천로 127 수지프라자 101호 (풍덕천동))",,,0,""
2024-01-19 02:46:57,admin,37.30255133,126.86551049,shuttle,,,"경기 안산시 상록구 본오동 875-10",,,0,""
2024-01-20 03:26:42,admin,37.40560866,126.73586848,shuttle,,,"인천 남동구 논현동 681",,,0,""
2024-01-20 03:27:41,admin,37.40253782,126.72400134,shuttle,,,"인천 남동구 논현동 701 (논고개로 127-1)",,,0,""
2024-01-20 03:30:23,admin,37.38841472,126.73928491,shuttle,,,"경기 시흥시 월곶동 1028 (월곶중앙로 54-1)",,,0,""
2024-01-20 03:35:56,admin,37.37072033,126.72936382,shuttle,,,"경기 시흥시 배곧동 186",,,0,""
2024-01-20 03:46:10,admin,37.35434452,126.72391968,shuttle,,,"경기 시흥시 정왕동 1902 (정왕대로 62)",,,0,""
2024-01-27 01:57:05,admin,37.30915067,126.85258259,shuttle,,,"경기 안산시 상록구 이동 726",,,0,""
2024-05-11 15:08:48,admin,36.82820793,127.13923758,shuttle,,,"세븐일레븐 천안성정스타점 (충남 천안시 서북구 성정공원5로 15 1층 106호 (성정동))",,,0,""
2024-08-30 02:19:24,admin,37.69151212,126.59849954,shuttle,,,"경기 김포시 통진읍 마송리 109-41 (서암로 69)",,,0,""
2024-12-06 00:36:25,admin,36.65999764,126.6799183,shuttle,,,"충남 홍성군 홍북읍 신경리 1940",,,0,""
2024-12-27 03:26:36,admin,35.85992189,128.62274252,shuttle,,,"대구 수성구 범어동 558-23 (범어천로 148)",,,0,""
2025-02-18 02:53:25,admin,37.31210536,127.08112201,shuttle,,,"경기 용인시 수지구 성복동 721",,,0,""
2025-02-18 03:00:20,admin,37.29681763,127.0689034,shuttle,,,"경기 용인시 수지구 상현동 1178-1",,,0,""
2025-02-23 02:31:30,admin,36.60325534,127.2899381,shuttle,,,"세종 조치원읍 침산리 274",,,0,""
2025-03-25 00:57:47,admin,37.34549465,127.93153257,shuttle,,,"강원 원주시 단계동 1002",,,0,""
2025-03-25 01:57:01,admin,37.43037382,127.12905977,shuttle,,,"경기 성남시 중원구 성남동 1575 (성남대로 1146-2 외 2건)",,,0,""
2025-06-06 13:26:16,admin,36.911586995440366,127.5401569092751,shuttle,,,"충북 음성군 맹동면 동성리 467",,,0,""
2025-07-12 05:57:25,admin,36.35577412,127.34175782,shuttle,,,"GS25 유성대온장점 (대전 유성구 온천로 33 1층 (봉명동))",,,0,""
2025-07-22 23:04:03,admin,35.96573016,126.71677153,shuttle,,,"CU 수송롯데점 (전북특별자치도 군산시 동수송2길 11 1층 (수송동))",,,0,""
2025-08-08 02:42:20,admin,36.98378554,126.92709471,shuttle,,,"CU 안중성심점 (경기 평택시 안중읍 안중로18번길 46 1층 (안중읍 현화리))",,,0,""
2025-09-09 01:01:04,admin,36.71558133,127.42965862,shuttle,,,"충북 청주시 청원구 오창읍 양청리 888",,,0,""
2025-09-10 03:04:02,admin,36.99977247,127.11388675,shuttle,,,"경기 평택시 비전동 1126-1",,,0,""
2025-09-10 03:07:32,admin,37.0098327,127.09685131,shuttle,,,"경기 평택시 동삭동 663 (평남로 1036 외 2건)",,,0,""
2025-09-10 03:10:04,admin,37.02443559,127.09851924,shuttle,,,"경기 평택시 칠괴동 산 31-8",,,0,""
2026-01-07 01:37:12,admin,37.382163,126.86125943,shuttle,,,"경기 시흥시 목감동 424-5",,,0,""
