type,is_mine,start_location,start_lat,start_lng,end_location,drive_time,program,created_at
reference,0,오목교역 (현대백화점/41타워/CBS 앞),37.525565,126.872851,,,,
reference,0,목동역 (목동 로데오거리 메인),37.528047,126.861496,,,,
reference,0,여의도 샛강역 (KBS별관 뒷골목 식당가),37.519381,126.931641,,,,
reference,0,논현동 (영동시장/백종원거리),37.507851,127.023812,,,,
reference,0,역삼동 (테헤란로 이면 르네상스호텔 뒤),37.502800,127.039600,,,,
reference,0,신사동 (가로수길/압구정 로데오),37.523450,127.022500,,,,
reference,0,대치동 (선릉역 1번출구 먹자골목),37.503463,127.050689,,,,
reference,0,교대역 (서초대로 이면도로),37.493500,127.014000,,,,
reference,0,당산역 (지하철 2/9호선 아래 먹자골목),37.534500,126.902500,,,,
reference,0,영등포역 (타임스퀘어 상권),37.515413,126.907128,,,,
reference,0,가락동 (경찰병원역/가락시장 먹자),37.496500,127.120500,,,,
reference,0,방이동 (방이먹자골목 메인사거리),37.514415,127.109015,,,,
reference,0,잠실새내역 (구 신천역 성당 앞),37.510616,127.081827,,,,
reference,0,천호동 (천호 로데오거리),37.539318,127.127028,,,,
reference,0,사당동 (사당역 파스텔시티 뒤편),37.476483,126.982542,,,,
reference,0,신림동 (순대타운/걷고싶은거리),37.483980,126.929875,,,,
reference,0,봉천동 (서울대입구역 샤로수길),37.479590,126.953880,,,,
reference,0,구로동 (구디역 깔깔거리),37.485200,126.901500,,,,
reference,0,가산동 (현대아울렛/마리오 사거리),37.477500,126.888500,,,,
reference,0,독산동 (맛나거리/우시장 인근),37.468500,126.897500,,,,
reference,0,마곡동 (마곡동로 먹자골목),37.558500,126.837000,,,,
reference,0,화곡동 (까치산역 복개천 상권),37.531500,126.846500,,,,
reference,0,서교동 (홍대 클럽거리/상상마당),37.550875,126.920800,,,,
reference,0,연남동 (경의선 숲길/동진시장),37.562300,126.925000,,,,
reference,0,신촌동 (연세로/명물거리),37.558356,126.936630,,,,
reference,0,이태원동 (세계음식거리/해방촌입구),37.534500,126.993500,,,,
reference,0,종로 (종각 젊음의거리),37.568997,126.985670,,,,
reference,0,을지로 (을지로3가 노가리골목),37.566500,126.992500,,,,
reference,0,자양동 (건대입구 맛의거리),37.540372,127.069276,,,,
reference,0,왕십리동 (한양대 먹자골목),37.561500,127.037500,,,,
reference,0,장안동 (장한평 먹자골목/안마상권),37.561500,127.064500,,,,
reference,0,동선동 (성신여대 로데오거리),37.592500,127.016500,,,,
reference,0,수유동 (강북구청 상권),37.638200,127.025500,,,,
reference,0,노원동 (노원역 문화의거리),37.654500,127.060500,,,,
reference,0,창동 (창동역 포장마차거리),37.653000,127.047500,,,,
reference,0,대조동 (연신내 로데오거리),37.618600,126.920500,,,,
reference,0,상봉동 (상봉터미널 먹자골목),37.596500,127.085500,,,,
reference,0,동춘동 (라마다송도호텔/구송도 먹자골목),37.414166,126.655366,,,,
reference,0,삼산동 (굴포천역 롯데마트 뒤 먹자골목),37.508231,126.735784,,,,
reference,0,부평동 (테마의거리/문화의거리),37.493500,126.723500,,,,
reference,0,구월동 (로데오거리/예술회관역),37.444882,126.700584,,,,
reference,0,간석동 (올리브백화점/간석오거리 상권),37.464500,126.708500,,,,
reference,0,논현동 (호구포역/소래포구 어시장),37.398500,126.732500,,,,
reference,0,청학동 (시대아파트 앞/연수역 상권),37.418500,126.668500,,,,
reference,0,연수동 (힘찬병원 뒤 먹자골목),37.418500,126.678500,,,,
reference,0,송도동 (트리플스트리트/해양경찰청),37.381500,126.658500,,,,
reference,0,계산동 (계양구청/아라비안나이트 인근),37.537500,126.737500,,,,
reference,0,주안동 (2030거리/먹자골목),37.456500,126.680500,,,,
reference,0,청라동 (커낼웨이 수변상가),37.530500,126.653500,,,,
reference,0,검단동 (검단사거리 먹자골목),37.601500,126.650500,,,,
reference,0,신포동 (동인천역/신포국제시장),37.471500,126.631500,,,,
reference,0,중동 (신중동 시계탑 먹자골목),37.503450,126.772580,,,,
reference,0,상동 (세이브존 뒤/나이트 상권),37.505814,126.753163,,,,
reference,0,상동 (송내역 북부 둘리광장),37.488210,126.750230,,,,
reference,0,고강동 (고강제일시장/국민은행 부근),37.528314,126.814653,,,,
reference,0,역곡동 (역곡 북부 상상시장/대학가),37.486750,126.806540,,,,
reference,0,심곡동 (부천역 북부 피노키오상가 일대),37.484520,126.782850,,,,
reference,0,소사본동 (소사삼거리/부천대 부속병원 앞),37.480500,126.795500,,,,
reference,0,까치울 (장어/백숙 외곽 가든촌),37.509500,126.812500,,,,
reference,0,정왕동 (시화 48블럭/51블럭 유흥가),37.346310,126.732655,,,,
reference,0,배곧동 (배곧신도시 중심상가),37.368500,126.728900,,,,
reference,0,하안동 (하안사거리 상업지구 공영주차장),37.462528,126.881339,,,,
reference,0,철산동 (철산상업지구 로데오 메인),37.476500,126.868500,,,,
reference,0,고잔동 (안산 중앙역 로데오/NC 뒤),37.308562,126.851517,,,,
reference,0,선부동 (동명상가 사거리),37.332500,126.812500,,,,
reference,0,이동 (한대앞역 로데오거리),37.310500,126.855000,,,,
reference,0,평촌동 (범계역 로데오/평촌학원가),37.389500,126.950400,,,,
reference,0,안양동 (안양일번가 메인),37.401120,126.922000,,,,
reference,0,산본동 (산본역 중심상가),37.361500,126.935500,,,,
reference,0,내손동 (계원예대 앞 먹자골목),37.384500,126.974500,,,,
reference,0,인계동 (나혜석거리/수원시청 뒤 박스),37.264229,127.033279,,,,
reference,0,영통동 (영통 중심상가/시계탑),37.251410,127.076890,,,,
reference,0,매탄동 (삼성전자 영통구청 앞),37.261500,127.045600,,,,
reference,0,호매실동 (호매실지구 중심상가),37.268500,126.960500,,,,
reference,0,서현동 (서현역 로데오거리),37.385973,127.124746,,,,
reference,0,정자동 (정자 카페거리/엠코헤리츠),37.368500,127.106500,,,,
reference,0,삼평동 (판교 유스페이스/H스퀘어),37.400500,127.104200,,,,
reference,0,성남동 (모란역 먹자골목),37.432422,127.131559,,,,
reference,0,반송동 (동탄 남광장/북광장),37.205775,127.073275,,,,
reference,0,영천동 (동탄2신도시 11자 상가),37.206500,127.114500,,,,
reference,0,진안동 (병점 중심상가),37.207800,127.039200,,,,
reference,0,향남읍 (향남지구 로데오),37.130500,126.920500,,,,
reference,0,마도면 (마도공단 외국인상가),37.213500,126.762500,,,,
reference,0,비전동 (평택 소사벌 상업지구),37.000166,127.113989,,,,
reference,0,평택동 (평택역 먹자골목),36.992500,127.087200,,,,
reference,0,포승읍 (평택항/포승공단),36.960500,126.840500,,,,
reference,0,공도읍 (안성 공도터미널 먹자),36.998500,127.168500,,,,
reference,0,장항동 (라페스타/웨스턴돔),37.660709,126.768958,,,,
reference,0,백석동 (백석역 8블럭 먹자골목),37.643200,126.786500,,,,
reference,0,화정동 (화정역 문화의거리/로데오),37.634500,126.832500,,,,
reference,0,사우동 (김포시청 앞 먹자골목),37.620500,126.718500,,,,
reference,0,장기동 (장기역 먹자골목/수변상가),37.644500,126.668500,,,,
reference,0,구래동 (구래 중심상업지구),37.645000,126.628000,,,,
reference,0,야당동 (야당역 먹자골목),37.712500,126.761500,,,,
reference,0,의정부동 (신시가지/로데오),37.738000,127.045000,,,,
reference,0,옥정동 (양주 옥정신도시 중심상가),37.820500,127.094500,,,,
reference,0,수택동 (구리 돌다리/먹자골목),37.599500,127.138500,,,,
reference,0,별내동 (별내 로데오/카페거리),37.641500,127.125500,,,,
reference,0,진접읍 (진접지구 로데오),37.718500,127.175500,,,,
reference,0,화도읍 (마석역/마석우리 먹자골목),37.652500,127.306500,,,,
reference,0,망월동 (하남 미사역 문화의거리),37.568500,127.189500,,,,
reference,0,경안동 (광주시내 상권),37.412500,127.256500,,,,
reference,0,용두동 (서오릉 장어/갈비촌),37.625891,126.891931,,,,
reference,0,광탄면 (서원밸리CC/벽초지 인근),37.764395,126.903643,,,,
reference,0,이동면 (일동레이크 이동갈비촌),38.034007,127.366106,,,,
reference,0,고매동 (기흥IC/코리아CC 인근),37.221106,127.103789,,,,
reference,0,양지면 (양지IC/아시아나CC 인근),37.231694,127.286713,,,,
reference,0,마장면 (덕평IC 한우/쌀밥촌),37.225583,127.370524,,,,
reference,0,창전동 (이천 하이닉스/시내 상권),37.279500,127.442500,,,,
reference,0,가남읍 (솔모로/자유CC 인근),37.206336,127.541363,,,,
reference,0,도척면 (곤지암 소머리국밥거리),37.350605,127.335824,,,,
reference,0,퇴촌면 (앵자봉 계곡 식당가),37.465200,127.316800,,,,
reference,0,양성면 (안성베네스트 고기거리),37.067500,127.235100,,,,
reference,0,두정동 (먹자골목 중심부),36.833610,127.135482,,,,
reference,0,불당동 (신불당 상업지구),36.814500,127.104200,,,,
reference,0,쌍용동 (나사렛대/열린치과 앞),36.797500,127.126500,,,,
reference,0,신방동 (신방먹자골목),36.786500,127.128500,,,,
reference,0,성환읍 (성환역/터미널 상권),36.916500,127.127500,,,,
reference,0,용화동 (신용화동 먹자골목),36.772158,126.995530,,,,
reference,0,탕정면 (지중해마을/트라팰리스),36.799000,127.065000,,,,
reference,0,배방읍 (공수리 상권),36.775000,127.054000,,,,
reference,0,둔포면 (아산테크노밸리 상가),36.925500,127.037500,,,,
reference,0,예천동 (호수공원 상권),36.775538,126.449848,,,,
reference,0,동문동 (서산 동문동 먹자골목),36.782000,126.455000,,,,
reference,0,대산읍 (대산공단 명지사거리),36.953500,126.381500,,,,
reference,0,읍내동 (당진 우두동 먹자골목),36.886707,126.635066,,,,
reference,0,송악읍 (기지시리 로터리),36.903500,126.685500,,,,
reference,0,홍북읍 (내포신도시 중심상가),36.602500,126.678000,,,,
